{
  "index.html": 1738595749398,
  "ext/controller/ExtractPdf.js": 1738595749398,
  "ext/view/ViewPdfPage.controller.js": 1738595749398,
  "manifest.json": 1738601849158,
  "Component.js": 1738595749398,
  "Component-dbg.js": 1738595749398,
  "Component.js.map": 1738601849373,
  "ext/view/ViewPdfPage-dbg.controller.js": 1738595749398,
  "ext/view/ViewPdfPage.controller.js.map": 1738601849375,
  "ext/controller/ExtractPdf-dbg.js": 1738595749398,
  "ext/controller/ExtractPdf.js.map": 1738601849391,
  "Component-preload.js": 1738601849493,
  "Component-preload.js.map": 1738601849493,
  "ext/view/ViewPdfPage.view.xml": 1738595749398,
  "ext/controller/ExtractPdf.fragment.xml": 1738595749398,
  "invoiceExample.pdf": 1738595749402,
  "i18n/i18n.properties": 1738595749398
}